text,timestamp,session_type,phase
"I feel completely lost in my career. Every day feels the same, and I don't know what I'm passionate about. My job in accounting feels meaningless, and I keep wondering if there's something more out there for me. I've been having these thoughts for months now.",1640995200,reflection,seeking
"Another day of spreadsheets and tax codes. Watched the clock all afternoon. My coworkers seem content, but I feel like I'm slowly suffocating. Is this what the next 30 years of my life will look like?",1641013200,reflection,seeking
"Couldn't sleep again. Keep thinking about that article I read about people who completely changed careers at 30. Part of me is envious, part terrified. What if I'm not brave enough? What if I don't have any real talents?",1641031200,reflection,seeking
"Had lunch with my college roommate today. She's a veterinarian now and talks about her work with such passion. I can't remember the last time I felt excited about anything work-related. The contrast is depressing.",1641049200,comparison,seeking
"Weekend again. Used to love weekends, but now they just remind me that Monday is coming. Started browsing job boards, but everything looks the same. Finance, accounting, more numbers without meaning.",1641067200,exploration,seeking
"Had an interesting conversation with my friend Sarah who works in tech. She mentioned something called 'data science' and how it combines statistics with storytelling. Never thought about data that way before. Maybe I should look into it?",1641081600,exploration,seeking
"Googled 'data science careers' after talking to Sarah. The salary potential is good, but what really caught my attention were the problem-solving aspects. Using data to answer real questions sounds intriguing.",1641099600,exploration,seeking
"Found a podcast about data science career transitions. Listened to three episodes while doing laundry. These people sound so passionate about their work. One woman left law to become a data scientist and says it's the best decision she ever made.",1641117600,exploration,seeking
"Borrowed a 'Python for Beginners' book from the library. The programming examples look like hieroglyphics to me right now, but I'm curious. Sarah said programming is like learning a new language for talking to computers.",1641135600,exploration,seeking
"Read about something called 'machine learning' today. The idea that computers can learn patterns and make predictions is mind-blowing. Starting to understand why Sarah finds this field so exciting.",1641153600,exploration,seeking
"Spent the weekend reading about data science. It's fascinating how you can find patterns in numbers and use them to solve real problems. Downloaded Python today. The syntax looks intimidating, but I'm excited to try something new.",1641254400,learning,discovery
"First attempt at Python coding. Took me two hours to print 'Hello World' because I kept making syntax errors. Frustrating but oddly satisfying when it finally worked. There's something addictive about solving these logical puzzles.",1641272400,learning,discovery
"Completed my second Python tutorial. Made a program that calculates compound interest. Never thought I'd enjoy anything related to math again, but seeing my code produce the right answer feels like magic.",1641290400,learning,discovery
"Discovered Stack Overflow today. Amazing how helpful the programming community is. Posted my first question about a bug in my code and got three helpful responses within an hour. This collaborative spirit is refreshing.",1641308400,learning,discovery
"Started learning about data types and variables. Understanding the difference between strings, integers, and floats. It's like learning the grammar of a new language. Each concept builds on the previous one.",1641326400,learning,discovery
"First Python tutorial completed! Made a simple calculator. It's amazing how logical everything is - if this, then that. Very different from the arbitrary rules I deal with in accounting. Starting to see why Sarah loves programming.",1641340800,learning,discovery
"Attempted my first loop today. For loops that repeat code automatically - genius! Spent the evening making the computer count to 100 in different ways. My brain feels stretched in the best possible way.",1641358800,learning,discovery
"Learned about functions - reusable pieces of code. It's like creating tools that you can use over and over. Starting to see how complex programs are built from simple building blocks. The elegance is beautiful.",1641376800,learning,discovery
"Had a debugging session that lasted three hours. One missing comma brought my entire program crashing down. Frustrating but taught me to pay attention to details. The satisfaction when I found the error was incredible.",1641394800,learning,discovery
"Discovered Jupyter notebooks. Being able to mix code, text, and visualizations in one document is revolutionary. Started my first data analysis project using a simple dataset about movie ratings.",1641412800,learning,discovery
"Been coding for two weeks now. Learning about pandas and data manipulation. It's like solving puzzles - each dataset tells a story if you know how to look. My brain feels alive in a way it hasn't for years.",1641945600,learning,discovery
"First time working with real messy data. Customer records with missing values, inconsistent formatting, and duplicate entries. Learning data cleaning techniques feels like detective work. Finding patterns in chaos is oddly therapeutic.",1641963600,learning,discovery
"Discovered data visualization with matplotlib. Creating my first bar chart from raw data felt like translating numbers into a universal language. A picture really is worth a thousand spreadsheet rows.",1641981600,learning,discovery
"Learning about statistical concepts I forgot from college. Standard deviation, correlation, hypothesis testing. But now I understand why these matter - they help distinguish real patterns from random noise.",1641999600,learning,discovery
"Attempted my first machine learning tutorial. Linear regression seemed simple in theory, but implementing it from scratch took all weekend. Watching the algorithm learn from data and make predictions is fascinating.",1642017600,learning,discovery
"Applied for my first data science bootcamp today. Scared but excited. The application required a project, so I analyzed my own spending habits. Found some interesting patterns in my coffee purchases - apparently I spend more when stressed!",1642550400,application,discovery
"Waiting for bootcamp admission results. Used the time to learn SQL basics. Databases are like organized filing cabinets, but with superpowers. Being able to query millions of records instantly feels like having a research assistant.",1642568400,application,discovery
"Practiced interview questions about my motivation for career change. Realizing how much I've learned in just a few months. The technical skills are developing, but more importantly, I'm rediscovering my curiosity.",1642586400,application,discovery
"Had my bootcamp interview via video call. They asked about my background and goals. Felt nervous but authentic. Explained how data science represents the intersection of my analytical skills and desire for meaningful work.",1642604400,application,discovery
"Received three rejection emails from jobs I applied for. Reminded myself that I'm still learning and this is part of the process. Each rejection teaches me what skills I need to develop further.",1642622400,application,discovery
"Got accepted to the bootcamp! Start next month. Gave my two weeks notice at the accounting firm today. My manager was shocked, but I've never felt more certain about a decision. This feels like the beginning of something important.",1643155200,transition,discovery
"Last day at the accounting firm. Colleagues threw a small goodbye party. Some think I'm crazy for leaving a stable job, others are secretly envious. Cleaned out my desk and felt lighter with each item I packed.",1643173200,transition,discovery
"Took a week off between jobs to decompress. Spent time reflecting on the journey so far. Six months ago, I didn't know what Python was. Now I'm about to start intensive training to become a data scientist. Life can change quickly.",1643191200,transition,discovery
"Organized my study space for bootcamp. New monitor, comfortable chair, whiteboards for sketching algorithms. Creating an environment that supports deep learning. The physical space reflects my mental commitment.",1643209200,transition,discovery
"Read 'The Signal and the Noise' by Nate Silver to prepare for bootcamp. Understanding the difference between meaningful patterns and random fluctuations. Good predictions require both mathematical rigor and domain expertise.",1643227200,transition,discovery
"First week of bootcamp is intense. Learning statistics, probability, and machine learning basics. My head is spinning with new concepts like regression, clustering, and neural networks. But I love the challenge - every day brings new insights.",1644019200,learning,development
"Deep dive into probability theory. Bayes' theorem is blowing my mind. The idea that we can update our beliefs as we gather new evidence is fundamental to how machine learning works. Math has never felt so practical.",1644037200,learning,development
"Struggling with linear algebra concepts. Vectors, matrices, eigenvalues - it's like learning a new mathematical language. But I can see how these concepts underpin machine learning algorithms. Persistence is key.",1644055200,learning,development
"First hands-on machine learning project. Building a model to predict which emails are spam. Starting to understand the difference between supervised and unsupervised learning. The terminology is becoming familiar.",1644073200,learning,development
"Learned about overfitting today. Models that memorize training data but fail on new examples. It's like studying for a test by memorizing answers instead of understanding concepts. A humbling lesson about the importance of generalization.",1644091200,learning,development
"Working on my first real project - predicting house prices. Starting to understand how algorithms can learn from data. Made my first successful linear regression model today. Small victory, but it feels huge.",1644624000,project,development
"Feature engineering for the house price project. Realizing that domain knowledge is crucial. Square footage matters, but so does neighborhood quality, school districts, and local amenities. Data science requires both technical and real-world understanding.",1644642000,project,development
"Validation and testing phase of house price project. Learning about train/validation/test splits. Understanding why we need to hold back data to honestly evaluate model performance. Honesty with yourself is crucial in data science.",1644660000,project,development
"Presented house price model to the class. Nervous about public speaking, but excited to share what I learned. Got great feedback about feature selection and suggestions for improvement. The collaborative learning environment is inspiring.",1644678000,project,development
"Exploring different algorithms for the same problem. Random forests, gradient boosting, neural networks. Each has strengths and weaknesses. Learning that there's rarely one perfect solution - it's about finding the best fit for your specific problem.",1644696000,project,development
"Group project week. We're analyzing customer churn for a telecommunications company. Learning to work with messy real-world data, not just clean textbook examples. Collaboration is challenging but rewarding.",1645228800,collaboration,development
"Working with my team to understand the business context of customer churn. Why do customers leave? What warning signs can we identify? Learning that successful data science requires understanding the problem domain, not just the technical methods.",1645246800,collaboration,development
"Data exploration phase of the churn project. Discovering patterns in customer behavior. Long-term customers have different usage patterns than new ones. Customers who call support frequently are more likely to leave. Stories are emerging from the numbers.",1645264800,collaboration,development
"Disagreement with teammate about feature selection. They want to include everything, I prefer a more selective approach. Learning to negotiate and compromise. Different perspectives often lead to better solutions.",1645282800,collaboration,development
"Breakthrough moment in team project. Combined our different approaches and achieved better results than either individual method. Ensemble techniques work for teams too - diversity of thought creates strength.",1645300800,collaboration,development
"Had a breakthrough with feature engineering today. Realized that creating new variables from existing data can dramatically improve model performance. It's like being a detective - finding clues hidden in plain sight.",1645833600,insight,development
"Discovering the art of data storytelling. Technical accuracy is important, but communicating insights clearly is equally crucial. Learning to create visualizations that tell compelling stories about the data.",1645851600,insight,development
"Working with time series data for the first time. Understanding seasonality, trends, and cyclical patterns. Temporal data adds a whole new dimension to analysis. Time is both a feature and a constraint.",1645869600,insight,development
"Deep dive into database design and SQL optimization. Learning that data scientists need to understand how data is stored and retrieved. Slow queries can kill the best algorithms. Infrastructure matters.",1645887600,insight,development
"Experimenting with different evaluation metrics. Accuracy isn't always the best measure. Sometimes precision matters more, sometimes recall. Learning to choose metrics that align with business objectives.",1645905600,insight,development
"Struggling with deep learning concepts. Neural networks feel like magic - too complex to fully understand. Having imposter syndrome. Maybe I'm not cut out for this after all. Considering dropping out.",1646438400,struggle,challenge
"Another late night trying to understand backpropagation. The mathematics is dense and my brain feels saturated. Watching YouTube videos and reading articles, but it's not clicking. Feeling overwhelmed and inadequate.",1646456400,struggle,challenge
"Compared myself to classmates who seem to grasp concepts immediately. Started questioning whether I made the right decision leaving accounting. At least there I felt competent. Here, I feel like I'm drowning in complexity.",1646474400,struggle,challenge
"Failed my first technical interview simulation. Couldn't explain how neural networks work under pressure. The interviewer was kind but I could see the disappointment. Maybe I'm not ready for this field after all.",1646492400,struggle,challenge
"Considered emailing the bootcamp director about dropping out. Wrote the email but didn't send it. Instead, took a long walk and tried to remember why I started this journey. The passion is still there, buried under frustration.",1646510400,struggle,challenge
"Talked to my instructor about my doubts. She reminded me that everyone feels overwhelmed at this stage. Took a step back, focused on fundamentals. Sometimes you need to slow down to speed up. Not giving up.",1647043200,reflection,challenge
"Spent the weekend reviewing basic concepts instead of pushing forward to advanced topics. Sometimes consolidation is more valuable than acceleration. Understanding is more important than coverage.",1647061200,reflection,challenge
"Had a study session with a classmate who's also struggling. Discovered that teaching concepts to each other helps both of us understand better. Collaboration can be a powerful learning tool.",1647079200,reflection,challenge
"Realized that my perfectionist tendencies are working against me. Trying to understand everything completely before moving forward is paralyzing. Learning to be comfortable with partial understanding and gradual improvement.",1647097200,reflection,challenge
"Focused on one concept at a time instead of trying to master everything simultaneously. Deep learning is a marathon, not a sprint. Patience with myself is a skill I'm developing alongside technical abilities.",1647115200,reflection,challenge
"Finally grasped backpropagation! It clicked during today's lecture. Neural networks aren't magic - they're just mathematical optimization. Understanding the math behind the algorithms makes everything clearer.",1647648000,breakthrough,development
"Implemented my first neural network from scratch. Seeing the weights update during training is mesmerizing. The algorithm is literally learning, adjusting its parameters to minimize error. Beautiful mathematical poetry.",1647666000,breakthrough,development
"Experimented with different network architectures. Adding hidden layers, changing activation functions, adjusting learning rates. Each modification affects performance differently. It's like tuning a complex instrument.",1647684000,breakthrough,development
"Started understanding why deep learning is powerful for certain problems. The ability to learn hierarchical representations automatically is revolutionary. Lower layers detect edges, higher layers recognize objects.",1647702000,breakthrough,development
"Applied neural networks to image classification. Watching the model learn to distinguish cats from dogs is amazing. What took humans millions of years of evolution, we can now approximate with mathematics and computation.",1647720000,breakthrough,development
"Capstone project time. Choosing to work on healthcare data - predicting patient readmission rates. Feels meaningful to use these skills to potentially help people. This is why I wanted to change careers.",1648252800,project,development
"Deep diving into healthcare domain knowledge. Understanding medical terminology, treatment protocols, and patient care pathways. Effective data science requires both technical skills and subject matter expertise.",1648270800,project,development
"Working with sensitive healthcare data. Learning about privacy regulations, ethical considerations, and responsible AI practices. With great analytical power comes great responsibility for patient privacy and welfare.",1648288800,project,development
"Exploring different approaches to the readmission problem. Logistic regression, random forests, gradient boosting, neural networks. Each algorithm offers different insights into patient risk factors.",1648306800,project,development
"Feature engineering for healthcare data. Creating variables that capture patient complexity, comorbidity patterns, and social determinants of health. Medical knowledge guides the statistical analysis.",1648324800,project,development
"Discovered bias in historical healthcare data. Certain demographic groups are underrepresented in treatment protocols. Learning that algorithmic fairness requires conscious effort and continuous monitoring.",1648342800,project,development
"Validation with clinical experts. Presenting findings to doctors and nurses who work with these patients daily. Their feedback is invaluable for interpreting statistical patterns in medical context.",1648360800,project,development
"Testing model robustness across different hospitals and patient populations. Algorithms that work well in one setting may fail in another. Generalization is crucial for real-world deployment.",1648378800,project,development
"Graduated from bootcamp! Presented my healthcare project to industry professionals. Got positive feedback and a few job interview offers. Can't believe how much I've learned in just 4 months.",1648857600,achievement,mastery
"Celebrating graduation with classmates. We've all transformed from different backgrounds into aspiring data scientists. The bonds formed through shared struggle and discovery will last a lifetime.",1648875600,achievement,mastery
"Reflecting on the bootcamp experience. The technical skills are important, but the problem-solving mindset and continuous learning attitude are what matter most. This is just the beginning of the journey.",1648893600,achievement,mastery
"Started job hunting in earnest. Updating resume, practicing technical interviews, building a portfolio on GitHub. The market is competitive, but I feel prepared and confident in my abilities.",1648911600,achievement,mastery
"First technical interview went well. They asked about my healthcare project and I could explain both the technical implementation and the business impact. Storytelling skills are as important as coding abilities.",1648929600,achievement,mastery
"Started my first job as a junior data scientist at a healthcare startup. Nervous but excited. Finally using machine learning to solve real problems that affect people's lives. The work feels purposeful.",1649462400,career,mastery
"First week at the startup. The pace is intense and the problems are complex. Working on multiple projects simultaneously while learning the company's tech stack. Drinking from a fire hose, but loving it.",1649480400,career,mastery
"Met my mentor at work. She's been in data science for eight years and offers perspective on career development. Having someone to guide my growth is invaluable. Mentorship accelerates learning.",1649498400,career,mastery
"Working on A/B testing framework for our healthcare platform. Learning about experimental design, statistical significance, and practical significance. Theory meets practice in designing meaningful experiments.",1649516400,career,mastery
"Collaborative code review session. Senior engineers are helping me write cleaner, more efficient code. Learning industry best practices for version control, documentation, and testing. Craftsmanship matters.",1649534400,career,mastery
"First production deployment of my code. Millions of patients will be served by algorithms I helped build. The responsibility is humbling and motivating. Real-world impact makes all the late nights worthwhile.",1649552400,career,mastery
"Debugging a critical issue in production. High-pressure situation where every minute counts. Learning to stay calm, think systematically, and communicate clearly under stress. Resilience is a professional skill.",1649570400,career,mastery
"Contributing to open-source healthcare analytics library. Sharing code that other researchers can use feels like giving back to the community that supported my learning. Open collaboration advances the field.",1649588400,career,mastery
"Three months into the job. Working on a recommendation system for personalized treatment plans. The complexity is challenging, but I love seeing how data science can genuinely improve patient outcomes.",1651968000,application,mastery
"Deep diving into reinforcement learning for treatment optimization. Algorithms that learn optimal decision sequences through trial and error. Like teaching AI to be a doctor through simulation.",1651986000,application,mastery
"Collaborating with clinicians to validate our recommendation algorithms. Their expertise grounds our statistical models in medical reality. Interdisciplinary collaboration produces better outcomes than either field alone.",1652004000,application,mastery
"Working on natural language processing to extract insights from clinical notes. Unstructured text contains rich information that traditional databases miss. NLP unlocks hidden knowledge in medical records.",1652022000,application,mastery
"Attending medical conferences to understand clinical workflows. Data scientists need to see how their algorithms will be used in practice. Context shapes design decisions more than technical capabilities.",1652040000,application,mastery
"Building dashboards for hospital administrators. Translating complex analyses into actionable insights for decision-makers. Data visualization is the bridge between analysis and action.",1652058000,application,mastery
"Working on predictive models for surgical complications. High-stakes applications where false positives and false negatives have serious consequences. Every percentage point of accuracy matters when lives are at stake.",1652076000,application,mastery
"Implementing federated learning to train models across multiple hospitals without sharing patient data. Privacy-preserving machine learning enables collaboration while protecting sensitive information.",1652094000,application,mastery
"Led my first project today - analyzing treatment effectiveness across different demographics. Found significant disparities in care quality. Our insights are being used to improve equity in healthcare delivery.",1654560000,leadership,mastery
"Managing a team of three junior data scientists. Learning that leadership requires different skills than individual contribution. Communication, delegation, and mentoring are as important as technical expertise.",1654578000,leadership,mastery
"Presenting findings to hospital board of directors. Translating technical results into business language and strategic recommendations. Executive communication is a crucial skill for senior data scientists.",1654596000,leadership,mastery
"Developing data science standards and best practices for our organization. Creating documentation, code templates, and review processes. Infrastructure work isn't glamorous but enables scalable impact.",1654614000,leadership,mastery
"Recruiting new team members. Interviewing candidates and assessing both technical skills and cultural fit. Hiring decisions shape team capabilities and dynamics for years to come.",1654632000,leadership,mastery
"Gave my first conference talk about our equity research. Public speaking was terrifying, but the audience was engaged. Several people approached me afterward wanting to collaborate. Feeling like I belong in this field.",1657152000,teaching,integration
"Invited to speak at university about healthcare AI applications. Inspiring the next generation of data scientists feels like completing a circle. Education is both consuming and contributing knowledge.",1657170000,teaching,integration
"Writing my first technical blog post about bias detection in healthcare algorithms. Sharing knowledge publicly helps the entire field advance. Teaching forces you to crystallize your understanding.",1657188000,teaching,integration
"Collaborating with academic researchers on a paper about algorithmic fairness in medical AI. Bridging industry practice and academic theory creates more robust solutions to complex problems.",1657206000,teaching,integration
"Organizing a workshop on responsible AI for healthcare professionals. Educating clinicians about algorithmic capabilities and limitations. Trust requires transparency and shared understanding.",1657224000,teaching,integration
"Mentoring two new bootcamp graduates who just joined our team. It's amazing how much I've learned when I try to explain concepts to others. Teaching forces you to truly understand the material.",1659744000,mentoring,integration
"Developing internal training curriculum for data science fundamentals. Creating learning paths that balance theoretical understanding with practical application. Education design is its own form of problem-solving.",1659762000,mentoring,integration
"Regular one-on-one meetings with mentees. Discussing both technical challenges and career development. Everyone's path is different, but sharing experiences helps others navigate more efficiently.",1659780000,mentoring,integration
"Watching former mentees get promoted and take on leadership roles. There's deep satisfaction in contributing to others' growth and success. Mentoring multiplies your impact beyond individual contributions.",1659798000,mentoring,integration
"Reflecting on my own mentors and how they shaped my journey. Thinking about the responsibility that comes with being in a position to guide others. Mentorship is a form of professional stewardship.",1659816000,mentoring,integration
"Starting to explore AI ethics and responsible machine learning. As our models become more powerful, we need to ensure they're fair and transparent. This feels like the next frontier in my development.",1662336000,ethics,integration
"Reading about algorithmic accountability and transparency. Understanding that technical solutions alone aren't sufficient - we need policy frameworks and governance structures for responsible AI deployment.",1662354000,ethics,integration
"Participating in ethics review board for AI research projects. Evaluating proposed studies for potential harms and benefits. Scientific progress must be balanced with ethical considerations and social responsibility.",1662372000,ethics,integration
"Implementing algorithmic auditing processes in our production systems. Continuous monitoring for bias, drift, and unintended consequences. Responsible AI requires ongoing vigilance, not just initial good intentions.",1662390000,ethics,integration
"Collaborating with ethicists and social scientists on AI governance frameworks. Technical experts need diverse perspectives to understand the full impact of their work on society.",1662408000,ethics,integration
"Accepted an invitation to join the board of a nonprofit focused on diversifying tech. Want to help others make the same career transition I did. Data science changed my life - now I want to pay it forward.",1664928000,service,integration
"Organizing scholarship program for underrepresented groups in data science education. Removing financial barriers to entry increases diversity and brings fresh perspectives to the field.",1664946000,service,integration
"Speaking at high schools about STEM careers. Trying to inspire students who might not see themselves in technical roles. Representation matters - young people need to see examples of diverse success.",1664964000,service,integration
"Developing partnerships between our company and community colleges. Creating pathways for non-traditional students to enter tech careers. Alternative education routes can be as effective as traditional degrees.",1664982000,service,integration
"Pro bono consulting for social justice organizations. Using data science skills to support causes I care about. Technical expertise can be a form of community service and social advocacy.",1665000000,service,integration
"Been thinking about the intersection of neuroscience and artificial intelligence. Reading papers about how the brain processes information. Wondering if we can build more human-like AI systems.",1667520000,research,evolution
"Exploring brain-computer interface research. The possibility of direct neural control of machines is fascinating and potentially transformative for people with disabilities. Technology serving human augmentation.",1667538000,research,evolution
"Learning about cognitive science and human decision-making. Understanding how people think can inform better AI design. Artificial intelligence should complement human intelligence, not replace it.",1667556000,research,evolution
"Investigating memory formation and retrieval in biological vs artificial neural networks. The brain's ability to learn continuously without forgetting previous knowledge is still superior to current AI systems.",1667574000,research,evolution
"Reading about consciousness and self-awareness in AI systems. As models become more sophisticated, philosophical questions about machine consciousness become more pressing and practical.",1667592000,research,evolution
"Applied to part-time graduate school for computational neuroscience. Want to understand how biological and artificial neural networks compare. The more I learn, the more questions I have.",1670112000,education,evolution
"Graduate school application process was intense but rewarding. Writing research statements forced me to articulate my long-term vision for combining neuroscience and AI. Academic goals are becoming clearer.",1670130000,education,evolution
"Accepted to computational neuroscience program! Balancing full-time work with part-time graduate study will be challenging, but the intellectual excitement makes it worthwhile. Lifelong learning never stops.",1670148000,education,evolution
"First graduate seminar on neural computation. Reading primary research papers and discussing cutting-edge findings with professors and fellow students. Academic discourse sharpens critical thinking.",1670166000,education,evolution
"Lab rotation in neuroscience research group. Learning experimental techniques for studying brain function. Hands-on research experience complements theoretical coursework beautifully.",1670184000,education,evolution
"First semester of grad school complete. Studying how memory works in the brain. Fascinating parallels to how neural networks store and retrieve information. Starting to see connections everywhere.",1672704000,academic,evolution
"Advanced coursework in machine learning theory. Understanding mathematical foundations more deeply than during bootcamp. Theoretical knowledge enhances practical intuition and problem-solving capability.",1672722000,academic,evolution
"Research project on synaptic plasticity and learning algorithms. Investigating how biological neurons adapt their connections and whether we can improve artificial neural networks with biological insights.",1672740000,academic,evolution
"Attending neuroscience conferences and AI workshops. Connecting with researchers from both fields. Interdisciplinary collaboration is essential for breakthrough discoveries at the intersection of domains.",1672758000,academic,evolution
"Working on computational models of attention and consciousness. These abstract concepts are becoming concrete through mathematical formulation and simulation. Theory meets implementation in elegant ways.",1672776000,academic,evolution
"Working on research project combining machine learning with brain imaging data. Trying to predict cognitive decline in early stages. If successful, could help with early intervention for dementia.",1675296000,research,evolution
"Learning fMRI data analysis techniques. Brain imaging generates massive datasets that require sophisticated computational methods. Neuroscience is becoming increasingly data-driven and computational.",1675314000,research,evolution
"Collaborating with neurologists on clinical applications of brain-computer interfaces. Understanding how research findings can translate into therapies for neurological disorders. Basic science enables applied solutions.",1675332000,research,evolution
"Developing machine learning algorithms specifically for neural data analysis. Standard AI techniques need modification for the unique characteristics of brain signals. Domain-specific expertise guides method development.",1675350000,research,evolution
"Presenting preliminary findings at neuroscience conference. Positive feedback from established researchers validates the research direction. Scientific community engagement accelerates discovery and impact.",1675368000,research,evolution
"Published my first research paper! The intersection of AI and neuroscience is revealing new insights about both artificial and biological intelligence. Excited about future discoveries in this space.",1677888000,publication,evolution
"Peer review process was challenging but educational. Responding to reviewer comments improved the quality of the research and my scientific writing. Rigorous evaluation strengthens scientific knowledge.",1677906000,publication,evolution
"Follow-up studies based on published research. One paper often generates more questions than answers. Scientific progress is cumulative and iterative, building knowledge incrementally over time.",1677924000,publication,evolution
"Collaborating with international research teams. Science is global, and diverse perspectives enhance research quality. Cultural and disciplinary diversity drives innovation and creative problem-solving.",1677942000,publication,evolution
"Media attention for published research. Communicating scientific findings to public audiences requires different skills than academic writing. Science communication is essential for informed democracy and policy.",1677960000,publication,evolution
"Invited to speak at a major AI conference about the future of brain-computer interfaces. Never imagined when I was doing accounting that I'd be at the forefront of such cutting-edge research.",1680480000,recognition,evolution
"Keynote presentation to audience of 1000+ researchers and industry professionals. Public speaking skills developed through years of practice are finally paying off. Communication amplifies technical expertise.",1680498000,recognition,evolution
"Job offers from major tech companies based on conference presentation. Success creates opportunities, but also decisions about career direction. Staying true to research mission vs pursuing financial rewards.",1680516000,recognition,evolution
"Featured in industry magazine as emerging leader in AI-neuroscience intersection. Public recognition validates the research path and creates platform for advocating important ideas and values.",1680534000,recognition,evolution
"Invited to join editorial board of scientific journal. Peer review and editorial responsibilities are part of scientific citizenship. Contributing to knowledge quality control and field development.",1680552000,recognition,evolution
"Thinking about starting my own research lab focused on ethical AI and computational neuroscience. Want to explore how we can build AI systems that truly understand and enhance human cognition rather than replace it.",1683072000,vision,evolution
"Developing research proposal for NSF funding. Academic grants require different skills than industry project management. Scientific vision must be paired with practical implementation plans and budgets.",1683090000,vision,evolution
"Recruiting graduate students and postdocs for potential research group. Building a team requires balancing different skills, perspectives, and career stages. Collaborative dynamics determine research group culture and productivity.",1683108000,vision,evolution
"Negotiating startup package with university. Academic careers involve different compensation structures than industry, but the intellectual freedom and mission alignment are valuable forms of compensation.",1683126000,vision,evolution
"Finalizing research lab space and equipment needs. Physical infrastructure enables intellectual work. Designing spaces that facilitate both focused individual work and collaborative team interaction.",1683144000,vision,evolution
"First day as assistant professor and principal investigator. Leading my own research group focused on ethical AI and computational neuroscience. The journey from accounting to academia has been long but rewarding.",1685664000,academia,evolution
"Setting up lab protocols and research workflows. Academic research requires different project management approaches than industry development. Longer timelines but deeper investigation of fundamental questions.",1685682000,academia,evolution
"Teaching my first graduate course on computational neuroscience. Preparing lectures forces deeper understanding of material. Education and research reinforce each other in academic careers.",1685700000,academia,evolution
"Supervising first graduate student research projects. Mentoring requires patience and wisdom developed through experience. Guiding others' intellectual development is both challenging and fulfilling.",1685718000,academia,evolution
"Submitting first grant proposal as principal investigator. Funding agencies require compelling justification for research investment. Scientific vision must be grounded in practical feasibility and social benefit.",1685736000,academia,evolution
"Interdisciplinary collaboration with philosophy department on consciousness and AI. Technical research needs humanistic perspectives to address deeper questions about mind, cognition, and artificial intelligence.",1688256000,philosophy,evolution
"Guest lecture in ethics course about AI consciousness and moral status. Engineering decisions have philosophical implications. Technical professionals need grounding in ethical reasoning and moral philosophy.",1688274000,philosophy,evolution
"Reading group on philosophy of mind and cognitive science. Understanding different theoretical frameworks for consciousness, perception, and cognition. Philosophy provides conceptual clarity for empirical research.",1688292000,philosophy,evolution
"Organizing workshop on AI safety and alignment. Technical AI development needs guidance from safety research and ethical principles. Proactive risk mitigation is more effective than reactive regulation.",1688310000,philosophy,evolution
"Consulting for tech policy think tank on AI governance. Academic research can inform regulatory frameworks and public policy. Scientists have responsibility to contribute expertise to democratic decision-making.",1688328000,philosophy,evolution
"Five years since leaving accounting. Reflecting on the journey from spreadsheets to neural networks. Career transformation required courage, persistence, and willingness to embrace uncertainty. Growth continues.",1690848000,reflection,integration
"Speaking at career change workshop for professionals considering data science. Sharing lessons learned about transition planning, skill development, and maintaining motivation through difficult periods.",1690866000,reflection,integration
"Mentoring career changers one-on-one. Everyone's path is unique, but common themes emerge: importance of community, hands-on practice, and connecting technical skills to meaningful problems.",1690884000,reflection,integration
"Writing book about intersection of neuroscience and artificial intelligence for general audience. Science communication bridges gap between research and public understanding. Complex ideas need accessible explanation.",1690902000,reflection,integration
"Establishing scholarship fund for career changers in data science. Financial support removes barriers and enables more diverse participation in field. Investing in others' potential multiplies individual impact.",1690920000,reflection,integration
"Leading research on AI systems that augment rather than replace human intelligence. Technology should amplify human capabilities and enhance human flourishing. Partnership models vs replacement paradigms.",1693440000,augmentation,future
"Developing brain-computer interfaces for paralyzed patients. Direct neural control of prosthetics and computers. Technology serving human dignity and expanding possibilities for people with disabilities.",1693458000,augmentation,future
"Investigating AI systems that learn more like human children - through play, exploration, and social interaction. Current AI lacks human-like curiosity and intrinsic motivation for learning.",1693476000,augmentation,future
"Collaboration with artists and musicians on creative AI systems. Exploring how machines can enhance human creativity rather than replace it. Technology as creative partner and inspiration source.",1693494000,augmentation,future
"Research on AI transparency and explainability. Black box systems are unacceptable for high-stakes decisions. Humans need to understand AI reasoning to maintain agency and accountability.",1693512000,augmentation,future
"International conference on beneficial AI and human-machine collaboration. Global cooperation needed to ensure AI development serves humanity's best interests. Technology governance requires international coordination.",1696032000,global,future
"Advising UN committee on AI ethics and regulation. Academic research informing international policy frameworks. Scientists have obligation to contribute expertise to global governance challenges.",1696050000,global,future
"Cross-cultural research on human-AI interaction. Different societies have varying attitudes toward automation and artificial intelligence. Cultural sensitivity essential for global AI deployment.",1696068000,global,future
"Establishing international research consortium on computational neuroscience and AI safety. Collaborative science accelerates progress while ensuring responsible development. Shared challenges require shared solutions.",1696086000,global,future
"Long-term vision: AI systems that truly understand human values and help us become better versions of ourselves. Technology aligned with human flourishing and moral progress. The ultimate goal.",1696104000,global,future 